id_proveedor,razon_social,pais_origen,tiempo_repo_dias,calificacion_calidad,activo
1,Proveedor 0001 S.A.S.,México,9,3.54,True
2,Proveedor 0002 S.A.S.,Chile,23,4.59,True
3,Proveedor 0003 S.A.S.,Colombia,19,3.04,True
4,Proveedor 0004 S.A.S.,Ecuador,16,1.58,True
5,Proveedor 0005 S.A.S.,Ecuador,11,4.04,True
6,Proveedor 0006 S.A.S.,Perú,24,1.31,True
7,Proveedor 0007 S.A.S.,Ecuador,24,1.91,True
8,Proveedor 0008 S.A.S.,Ecuador,12,2.31,True
9,Proveedor 0009 S.A.S.,Chile,28,3.73,True
10,Proveedor 0010 S.A.S.,Perú,23,1.58,True
11,Proveedor 0011 S.A.S.,Colombia,4,4.74,True
12,Proveedor 0012 S.A.S.,México,23,4.94,False
13,Proveedor 0013 S.A.S.,Colombia,23,4.34,True
14,Proveedor 0014 S.A.S.,Ecuador,10,3.03,True
15,Proveedor 0015 S.A.S.,México,28,2.14,True
16,Proveedor 0016 S.A.S.,Colombia,18,1.47,True
17,Proveedor 0017 S.A.S.,México,16,3.08,True
18,Proveedor 0018 S.A.S.,Ecuador,6,1.32,True
19,Proveedor 0019 S.A.S.,Perú,4,2.41,True
20,Proveedor 0020 S.A.S.,Colombia,7,3.96,True
21,Proveedor 0021 S.A.S.,Ecuador,10,2.06,True
22,Proveedor 0022 S.A.S.,México,28,4.56,True
23,Proveedor 0023 S.A.S.,Chile,19,1.77,True
24,Proveedor 0024 S.A.S.,México,30,2.41,True
25,Proveedor 0025 S.A.S.,Ecuador,28,3.46,True
26,Proveedor 0026 S.A.S.,Ecuador,16,,True
27,Proveedor 0027 S.A.S.,México,22,1.35,True
28,Proveedor 0028 S.A.S.,México,13,3.8,True
29,Proveedor 0029 S.A.S.,Colombia,10,1.42,True
30,Proveedor 0030 S.A.S.,Colombia,22,3.98,True
31,Proveedor 0031 S.A.S.,Perú,24,2.84,True
32,Proveedor 0032 S.A.S.,Ecuador,14,3.28,True
33,Proveedor 0033 S.A.S.,México,24,4.64,True
34,Proveedor 0034 S.A.S.,México,13,1.59,True
35,Proveedor 0035 S.A.S.,Colombia,17,1.24,True
36,Proveedor 0036 S.A.S.,México,15,1.14,True
37,Proveedor 0037 S.A.S.,Perú,18,4.33,True
38,Proveedor 0038 S.A.S.,Chile,25,1.32,True
39,Proveedor 0039 S.A.S.,Perú,16,2.39,True
40,Proveedor 0040 S.A.S.,Colombia,22,2.06,True
41,Proveedor 0041 S.A.S.,Perú,14,1.35,True
42,Proveedor 0042 S.A.S.,México,27,1.02,True
43,Proveedor 0043 S.A.S.,Colombia,21,2.85,True
44,Proveedor 0044 S.A.S.,Chile,18,1.24,True
45,Proveedor 0045 S.A.S.,Colombia,19,1.99,True
46,Proveedor 0046 S.A.S.,Perú,15,2.94,True
47,Proveedor 0047 S.A.S.,Perú,8,2.89,True
48,Proveedor 0048 S.A.S.,Ecuador,22,3.86,True
49,Proveedor 0049 S.A.S.,Perú,22,3.53,True
50,Proveedor 0050 S.A.S.,Colombia,27,2.77,True
51,Proveedor 0051 S.A.S.,Chile,12,2.11,True
52,Proveedor 0052 S.A.S.,Ecuador,5,2.96,True
53,Proveedor 0053 S.A.S.,Ecuador,14,2.9,True
54,Proveedor 0054 S.A.S.,Colombia,13,4.6,True
55,Proveedor 0055 S.A.S.,Ecuador,29,1.49,True
56,Proveedor 0056 S.A.S.,México,4,4.64,True
57,Proveedor 0057 S.A.S.,Chile,24,4.93,True
58,Proveedor 0058 S.A.S.,Colombia,9,2.32,True
59,Proveedor 0059 S.A.S.,Perú,9,4.58,True
60,Proveedor 0060 S.A.S.,México,13,,True
61,Proveedor 0061 S.A.S.,Ecuador,8,1.91,True
62,Proveedor 0062 S.A.S.,Colombia,16,4.35,True
63,Proveedor 0063 S.A.S.,Perú,20,3.38,True
64,Proveedor 0064 S.A.S.,Perú,12,4.56,True
65,Proveedor 0065 S.A.S.,Colombia,15,3.85,True
66,Proveedor 0066 S.A.S.,Ecuador,15,1.26,True
67,Proveedor 0067 S.A.S.,Ecuador,19,4.11,True
68,Proveedor 0068 S.A.S.,Perú,16,2.72,True
69,Proveedor 0069 S.A.S.,Perú,20,2.53,True
70,Proveedor 0070 S.A.S.,Chile,8,4.42,True
71,Proveedor 0071 S.A.S.,México,30,1.33,True
72,Proveedor 0072 S.A.S.,Ecuador,11,4.69,True
73,Proveedor 0073 S.A.S.,México,8,4.36,True
74,Proveedor 0074 S.A.S.,Colombia,15,1.07,True
75,Proveedor 0075 S.A.S.,Perú,2,4.27,True
76,Proveedor 0076 S.A.S.,México,7,4.65,True
77,Proveedor 0077 S.A.S.,Perú,27,3.83,True
78,Proveedor 0078 S.A.S.,México,18,4.41,True
79,Proveedor 0079 S.A.S.,Chile,21,2.57,True
80,Proveedor 0080 S.A.S.,México,12,3.27,True
81,Proveedor 0081 S.A.S.,Perú,8,4.55,True
82,Proveedor 0082 S.A.S.,Perú,9,4.63,True
83,Proveedor 0083 S.A.S.,Colombia,12,4.55,True
84,Proveedor 0084 S.A.S.,Perú,26,1.93,False
85,Proveedor 0085 S.A.S.,México,20,1.44,True
86,Proveedor 0086 S.A.S.,Ecuador,15,4.34,True
87,Proveedor 0087 S.A.S.,Ecuador,11,3.94,True
88,Proveedor 0088 S.A.S.,Ecuador,28,3.27,True
89,Proveedor 0089 S.A.S.,Chile,30,4.02,True
90,Proveedor 0090 S.A.S.,Colombia,4,2.93,True
91,Proveedor 0091 S.A.S.,Ecuador,28,1.96,True
92,Proveedor 0092 S.A.S.,Colombia,5,3.69,True
93,Proveedor 0093 S.A.S.,Ecuador,15,,True
94,Proveedor 0094 S.A.S.,Colombia,14,4.1,True
95,Proveedor 0095 S.A.S.,Colombia,11,3.48,True
96,Proveedor 0096 S.A.S.,México,7,2.89,True
97,Proveedor 0097 S.A.S.,Perú,14,1.22,True
98,Proveedor 0098 S.A.S.,México,21,2.37,True
99,Proveedor 0099 S.A.S.,México,19,2.65,True
100,Proveedor 0100 S.A.S.,Ecuador,10,3.22,True
101,Proveedor 0101 S.A.S.,Chile,19,3.5,True
102,Proveedor 0102 S.A.S.,México,3,4.1,True
103,Proveedor 0103 S.A.S.,Ecuador,8,4.98,True
104,Proveedor 0104 S.A.S.,Chile,25,4.41,True
105,Proveedor 0105 S.A.S.,Ecuador,1,4.42,True
106,Proveedor 0106 S.A.S.,Perú,22,4.33,True
107,Proveedor 0107 S.A.S.,Perú,1,3.15,True
108,Proveedor 0108 S.A.S.,Chile,20,3.12,True
109,Proveedor 0109 S.A.S.,México,6,3.33,True
110,Proveedor 0110 S.A.S.,Colombia,25,1.6,True
111,Proveedor 0111 S.A.S.,Colombia,22,1.2,True
112,Proveedor 0112 S.A.S.,Colombia,3,2.82,True
113,Proveedor 0113 S.A.S.,Colombia,1,2.58,True
114,Proveedor 0114 S.A.S.,Chile,2,4.46,True
115,Proveedor 0115 S.A.S.,Perú,11,4.42,False
116,Proveedor 0116 S.A.S.,Perú,5,1.65,True
117,Proveedor 0117 S.A.S.,Colombia,11,1.72,True
118,Proveedor 0118 S.A.S.,Chile,27,2.51,True
119,Proveedor 0119 S.A.S.,Perú,5,3.34,True
120,Proveedor 0120 S.A.S.,Chile,19,4.94,True
121,Proveedor 0121 S.A.S.,Colombia,12,1.84,True
122,Proveedor 0122 S.A.S.,México,26,3.17,True
123,Proveedor 0123 S.A.S.,Ecuador,5,4.37,True
124,Proveedor 0124 S.A.S.,Colombia,19,1.06,True
125,Proveedor 0125 S.A.S.,Colombia,12,3.87,True
126,Proveedor 0126 S.A.S.,México,4,4.01,True
127,Proveedor 0127 S.A.S.,México,15,2.54,True
128,Proveedor 0128 S.A.S.,México,19,3.62,True
129,Proveedor 0129 S.A.S.,Ecuador,25,2.37,True
130,Proveedor 0130 S.A.S.,Ecuador,20,4.51,True
131,Proveedor 0131 S.A.S.,Perú,27,4.58,True
132,Proveedor 0132 S.A.S.,Ecuador,16,4.54,True
133,Proveedor 0133 S.A.S.,Perú,28,4.21,True
134,Proveedor 0134 S.A.S.,Ecuador,4,3.61,True
135,Proveedor 0135 S.A.S.,Chile,13,1.88,True
136,Proveedor 0136 S.A.S.,México,28,1.88,True
137,Proveedor 0137 S.A.S.,México,13,2.65,True
138,Proveedor 0138 S.A.S.,México,3,1.22,True
139,Proveedor 0139 S.A.S.,Ecuador,29,1.61,True
140,Proveedor 0140 S.A.S.,Colombia,6,3.62,True
141,Proveedor 0141 S.A.S.,Perú,29,3.71,True
142,Proveedor 0142 S.A.S.,Colombia,25,4.43,True
143,Proveedor 0143 S.A.S.,Ecuador,23,1.38,True
144,Proveedor 0144 S.A.S.,Ecuador,4,2.92,True
145,Proveedor 0145 S.A.S.,Ecuador,5,2.47,True
146,Proveedor 0146 S.A.S.,Perú,14,,True
147,Proveedor 0147 S.A.S.,México,12,2.16,True
148,Proveedor 0148 S.A.S.,México,6,2.52,True
149,Proveedor 0149 S.A.S.,Colombia,26,4.94,True
150,Proveedor 0150 S.A.S.,Perú,7,4.69,True
151,Proveedor 0151 S.A.S.,Perú,7,1.07,True
152,Proveedor 0152 S.A.S.,Ecuador,29,2.01,True
153,Proveedor 0153 S.A.S.,México,28,4.33,True
154,Proveedor 0154 S.A.S.,Chile,24,2.69,True
155,Proveedor 0155 S.A.S.,Colombia,26,2.99,True
156,Proveedor 0156 S.A.S.,Ecuador,4,3.71,True
157,Proveedor 0157 S.A.S.,Ecuador,21,4.13,True
158,Proveedor 0158 S.A.S.,Perú,13,2.44,True
159,Proveedor 0159 S.A.S.,Perú,18,1.91,True
160,Proveedor 0160 S.A.S.,Chile,1,2.22,True
161,Proveedor 0161 S.A.S.,México,4,3.68,True
162,Proveedor 0162 S.A.S.,México,24,1.03,True
163,Proveedor 0163 S.A.S.,Chile,9,2.91,True
164,Proveedor 0164 S.A.S.,Ecuador,2,,True
165,Proveedor 0165 S.A.S.,México,29,2.44,True
166,Proveedor 0166 S.A.S.,Perú,1,1.17,True
167,Proveedor 0167 S.A.S.,Colombia,24,2.12,True
168,Proveedor 0168 S.A.S.,México,6,,True
169,Proveedor 0169 S.A.S.,Colombia,23,1.61,True
170,Proveedor 0170 S.A.S.,Perú,3,2.66,False
171,Proveedor 0171 S.A.S.,Colombia,28,1.95,True
172,Proveedor 0172 S.A.S.,Ecuador,16,4.29,True
173,Proveedor 0173 S.A.S.,Colombia,12,1.58,True
174,Proveedor 0174 S.A.S.,Ecuador,2,2.94,True
175,Proveedor 0175 S.A.S.,Colombia,11,1.4,True
176,Proveedor 0176 S.A.S.,Perú,8,2.05,True
177,Proveedor 0177 S.A.S.,Colombia,19,2.46,True
178,Proveedor 0178 S.A.S.,México,8,4.28,True
179,Proveedor 0179 S.A.S.,Perú,23,1.73,False
180,Proveedor 0180 S.A.S.,Perú,12,2.37,True
181,Proveedor 0181 S.A.S.,Colombia,9,,True
182,Proveedor 0182 S.A.S.,Chile,30,4.74,True
183,Proveedor 0183 S.A.S.,México,12,1.27,True
184,Proveedor 0184 S.A.S.,Ecuador,22,1.23,True
185,Proveedor 0185 S.A.S.,Ecuador,17,1.0,True
186,Proveedor 0186 S.A.S.,México,24,4.7,True
187,Proveedor 0187 S.A.S.,Colombia,26,4.27,True
188,Proveedor 0188 S.A.S.,Colombia,22,1.08,True
189,Proveedor 0189 S.A.S.,México,19,3.53,True
190,Proveedor 0190 S.A.S.,Perú,7,2.88,True
191,Proveedor 0191 S.A.S.,Ecuador,20,2.21,True
192,Proveedor 0192 S.A.S.,Perú,28,3.09,True
193,Proveedor 0193 S.A.S.,Perú,27,2.59,True
194,Proveedor 0194 S.A.S.,Chile,8,3.35,True
195,Proveedor 0195 S.A.S.,Chile,11,4.11,False
196,Proveedor 0196 S.A.S.,Perú,13,4.82,True
197,Proveedor 0197 S.A.S.,México,19,2.1,True
198,Proveedor 0198 S.A.S.,Chile,25,1.89,True
199,Proveedor 0199 S.A.S.,Perú,22,,True
200,Proveedor 0200 S.A.S.,México,16,3.49,True
201,Proveedor 0201 S.A.S.,México,27,4.86,True
202,Proveedor 0202 S.A.S.,México,23,1.08,True
203,Proveedor 0203 S.A.S.,México,21,1.72,True
204,Proveedor 0204 S.A.S.,México,23,2.14,True
205,Proveedor 0205 S.A.S.,Ecuador,19,2.6,True
206,Proveedor 0206 S.A.S.,Chile,4,1.2,True
207,Proveedor 0207 S.A.S.,Ecuador,15,2.17,True
208,Proveedor 0208 S.A.S.,Ecuador,13,1.14,True
209,Proveedor 0209 S.A.S.,México,1,3.01,True
210,Proveedor 0210 S.A.S.,Colombia,19,1.34,True
211,Proveedor 0211 S.A.S.,Ecuador,6,4.37,True
212,Proveedor 0212 S.A.S.,Chile,19,1.85,True
213,Proveedor 0213 S.A.S.,Perú,1,4.13,True
214,Proveedor 0214 S.A.S.,México,26,2.68,True
215,Proveedor 0215 S.A.S.,Chile,9,1.49,True
216,Proveedor 0216 S.A.S.,México,6,3.89,True
217,Proveedor 0217 S.A.S.,Colombia,3,1.85,True
218,Proveedor 0218 S.A.S.,México,7,1.66,True
219,Proveedor 0219 S.A.S.,Ecuador,15,4.89,True
220,Proveedor 0220 S.A.S.,Perú,14,2.71,True
221,Proveedor 0221 S.A.S.,Chile,11,1.15,True
222,Proveedor 0222 S.A.S.,Perú,28,1.03,True
223,Proveedor 0223 S.A.S.,Colombia,10,1.19,False
224,Proveedor 0224 S.A.S.,Colombia,23,2.48,True
225,Proveedor 0225 S.A.S.,Colombia,28,,True
226,Proveedor 0226 S.A.S.,Perú,11,3.58,True
227,Proveedor 0227 S.A.S.,Colombia,30,1.87,True
228,Proveedor 0228 S.A.S.,Ecuador,5,1.95,True
229,Proveedor 0229 S.A.S.,Colombia,24,2.23,True
230,Proveedor 0230 S.A.S.,Chile,8,3.63,True
231,Proveedor 0231 S.A.S.,Chile,30,1.45,True
232,Proveedor 0232 S.A.S.,Chile,25,3.12,True
233,Proveedor 0233 S.A.S.,Ecuador,10,3.49,True
234,Proveedor 0234 S.A.S.,Perú,21,3.6,False
235,Proveedor 0235 S.A.S.,Colombia,23,3.72,True
236,Proveedor 0236 S.A.S.,Perú,28,3.16,True
237,Proveedor 0237 S.A.S.,Colombia,8,4.91,True
238,Proveedor 0238 S.A.S.,México,27,,True
239,Proveedor 0239 S.A.S.,Perú,16,,True
240,Proveedor 0240 S.A.S.,Chile,23,1.75,True
241,Proveedor 0241 S.A.S.,Colombia,4,1.48,True
242,Proveedor 0242 S.A.S.,Chile,6,1.19,True
243,Proveedor 0243 S.A.S.,Chile,22,,True
244,Proveedor 0244 S.A.S.,México,18,1.19,True
245,Proveedor 0245 S.A.S.,Chile,2,4.27,True
246,Proveedor 0246 S.A.S.,Ecuador,12,4.22,True
247,Proveedor 0247 S.A.S.,Colombia,16,2.45,True
248,Proveedor 0248 S.A.S.,Perú,17,,True
249,Proveedor 0249 S.A.S.,Chile,14,2.22,True
250,Proveedor 0250 S.A.S.,México,3,4.62,True
251,Proveedor 0251 S.A.S.,Ecuador,10,3.18,True
252,Proveedor 0252 S.A.S.,Chile,9,1.5,True
253,Proveedor 0253 S.A.S.,México,5,1.2,True
254,Proveedor 0254 S.A.S.,Perú,28,1.64,True
255,Proveedor 0255 S.A.S.,Chile,2,2.89,True
256,Proveedor 0256 S.A.S.,Perú,3,4.67,True
257,Proveedor 0257 S.A.S.,Colombia,28,1.83,True
258,Proveedor 0258 S.A.S.,Chile,11,1.73,True
259,Proveedor 0259 S.A.S.,Chile,2,2.28,True
260,Proveedor 0260 S.A.S.,México,18,3.58,True
261,Proveedor 0261 S.A.S.,Chile,27,1.01,True
262,Proveedor 0262 S.A.S.,México,27,4.72,True
263,Proveedor 0263 S.A.S.,Colombia,7,1.58,True
264,Proveedor 0264 S.A.S.,Perú,25,2.09,True
265,Proveedor 0265 S.A.S.,México,17,4.92,False
266,Proveedor 0266 S.A.S.,Colombia,17,1.41,True
267,Proveedor 0267 S.A.S.,Ecuador,14,1.8,True
268,Proveedor 0268 S.A.S.,Perú,11,,True
269,Proveedor 0269 S.A.S.,Perú,3,2.87,True
270,Proveedor 0270 S.A.S.,Colombia,29,2.12,True
271,Proveedor 0271 S.A.S.,Ecuador,24,3.37,True
272,Proveedor 0272 S.A.S.,Chile,13,1.4,True
273,Proveedor 0273 S.A.S.,México,14,2.06,True
274,Proveedor 0274 S.A.S.,Colombia,15,3.7,True
275,Proveedor 0275 S.A.S.,Chile,9,4.86,True
276,Proveedor 0276 S.A.S.,México,11,,True
277,Proveedor 0277 S.A.S.,Chile,7,4.91,True
278,Proveedor 0278 S.A.S.,Perú,28,1.74,True
279,Proveedor 0279 S.A.S.,Colombia,25,1.85,True
280,Proveedor 0280 S.A.S.,Colombia,2,3.93,True
281,Proveedor 0281 S.A.S.,Perú,26,1.86,True
282,Proveedor 0282 S.A.S.,Perú,3,4.29,True
283,Proveedor 0283 S.A.S.,Colombia,30,3.78,False
284,Proveedor 0284 S.A.S.,Ecuador,14,2.01,True
285,Proveedor 0285 S.A.S.,Chile,16,4.23,True
286,Proveedor 0286 S.A.S.,Perú,18,2.26,True
287,Proveedor 0287 S.A.S.,Ecuador,19,4.17,True
288,Proveedor 0288 S.A.S.,México,19,3.68,True
289,Proveedor 0289 S.A.S.,Chile,2,1.79,True
290,Proveedor 0290 S.A.S.,Colombia,11,,True
291,Proveedor 0291 S.A.S.,Colombia,4,1.07,True
292,Proveedor 0292 S.A.S.,Colombia,15,2.56,False
293,Proveedor 0293 S.A.S.,Chile,16,4.65,True
294,Proveedor 0294 S.A.S.,Perú,1,1.14,False
295,Proveedor 0295 S.A.S.,Ecuador,12,1.68,True
296,Proveedor 0296 S.A.S.,Colombia,13,3.68,True
297,Proveedor 0297 S.A.S.,Colombia,30,1.18,True
298,Proveedor 0298 S.A.S.,Ecuador,23,2.47,True
299,Proveedor 0299 S.A.S.,Perú,20,3.01,True
300,Proveedor 0300 S.A.S.,Ecuador,27,4.38,True
301,Proveedor 0301 S.A.S.,Ecuador,25,3.73,False
302,Proveedor 0302 S.A.S.,Ecuador,21,3.23,True
303,Proveedor 0303 S.A.S.,Colombia,4,1.51,True
304,Proveedor 0304 S.A.S.,Colombia,22,2.3,True
305,Proveedor 0305 S.A.S.,Perú,9,4.04,False
306,Proveedor 0306 S.A.S.,México,25,2.02,True
307,Proveedor 0307 S.A.S.,Colombia,10,3.41,True
308,Proveedor 0308 S.A.S.,Perú,16,2.26,True
309,Proveedor 0309 S.A.S.,Perú,6,4.43,True
310,Proveedor 0310 S.A.S.,México,23,2.9,True
311,Proveedor 0311 S.A.S.,Chile,24,2.24,True
312,Proveedor 0312 S.A.S.,México,30,1.28,True
313,Proveedor 0313 S.A.S.,México,21,4.83,True
314,Proveedor 0314 S.A.S.,Ecuador,30,3.46,False
315,Proveedor 0315 S.A.S.,Chile,25,2.24,True
316,Proveedor 0316 S.A.S.,Chile,19,3.03,True
317,Proveedor 0317 S.A.S.,Ecuador,17,2.18,True
318,Proveedor 0318 S.A.S.,Colombia,5,4.57,False
319,Proveedor 0319 S.A.S.,Colombia,11,3.57,True
320,Proveedor 0320 S.A.S.,Ecuador,9,3.94,True
321,Proveedor 0321 S.A.S.,Ecuador,21,4.34,True
322,Proveedor 0322 S.A.S.,Colombia,26,4.99,True
323,Proveedor 0323 S.A.S.,Chile,14,2.83,True
324,Proveedor 0324 S.A.S.,Chile,29,,True
325,Proveedor 0325 S.A.S.,Colombia,24,1.47,True
326,Proveedor 0326 S.A.S.,Ecuador,28,3.87,True
327,Proveedor 0327 S.A.S.,Chile,12,3.64,True
328,Proveedor 0328 S.A.S.,Perú,15,2.98,True
329,Proveedor 0329 S.A.S.,Perú,5,3.02,True
330,Proveedor 0330 S.A.S.,Colombia,25,4.79,True
331,Proveedor 0331 S.A.S.,Perú,25,2.84,True
332,Proveedor 0332 S.A.S.,Ecuador,6,1.86,True
333,Proveedor 0333 S.A.S.,Perú,25,4.56,True
334,Proveedor 0334 S.A.S.,México,9,1.59,True
335,Proveedor 0335 S.A.S.,Chile,11,3.32,True
336,Proveedor 0336 S.A.S.,Colombia,8,4.28,True
337,Proveedor 0337 S.A.S.,México,6,1.83,True
338,Proveedor 0338 S.A.S.,México,7,1.12,True
339,Proveedor 0339 S.A.S.,Perú,23,3.3,True
340,Proveedor 0340 S.A.S.,Colombia,20,3.36,True
341,Proveedor 0341 S.A.S.,Colombia,17,1.35,True
342,Proveedor 0342 S.A.S.,Chile,1,4.14,True
343,Proveedor 0343 S.A.S.,Colombia,23,3.51,True
344,Proveedor 0344 S.A.S.,Chile,18,1.24,True
345,Proveedor 0345 S.A.S.,Ecuador,18,1.83,True
346,Proveedor 0346 S.A.S.,Colombia,22,1.92,True
347,Proveedor 0347 S.A.S.,México,14,2.21,True
348,Proveedor 0348 S.A.S.,Chile,16,2.21,True
349,Proveedor 0349 S.A.S.,Ecuador,23,1.45,True
350,Proveedor 0350 S.A.S.,Colombia,17,2.18,True
351,Proveedor 0351 S.A.S.,Ecuador,14,4.13,True
352,Proveedor 0352 S.A.S.,Ecuador,21,2.7,True
353,Proveedor 0353 S.A.S.,Ecuador,15,1.98,True
354,Proveedor 0354 S.A.S.,Perú,24,,True
355,Proveedor 0355 S.A.S.,Chile,27,3.3,False
356,Proveedor 0356 S.A.S.,Ecuador,27,4.65,True
357,Proveedor 0357 S.A.S.,Ecuador,25,3.84,True
358,Proveedor 0358 S.A.S.,México,28,,True
359,Proveedor 0359 S.A.S.,Ecuador,26,3.46,True
360,Proveedor 0360 S.A.S.,Chile,28,,True
361,Proveedor 0361 S.A.S.,México,8,4.87,True
362,Proveedor 0362 S.A.S.,Ecuador,22,4.29,True
363,Proveedor 0363 S.A.S.,Chile,28,3.33,True
364,Proveedor 0364 S.A.S.,Chile,5,3.67,True
365,Proveedor 0365 S.A.S.,Perú,21,3.04,True
366,Proveedor 0366 S.A.S.,Ecuador,15,2.99,True
367,Proveedor 0367 S.A.S.,Colombia,23,4.2,True
368,Proveedor 0368 S.A.S.,Perú,14,4.75,True
369,Proveedor 0369 S.A.S.,Ecuador,28,2.25,True
370,Proveedor 0370 S.A.S.,Perú,7,3.19,True
371,Proveedor 0371 S.A.S.,Perú,7,3.42,True
372,Proveedor 0372 S.A.S.,México,5,3.1,True
373,Proveedor 0373 S.A.S.,Colombia,7,1.74,True
374,Proveedor 0374 S.A.S.,México,13,4.07,True
375,Proveedor 0375 S.A.S.,Chile,11,2.44,True
376,Proveedor 0376 S.A.S.,México,4,1.87,True
377,Proveedor 0377 S.A.S.,Colombia,6,1.6,True
378,Proveedor 0378 S.A.S.,México,8,1.83,True
379,Proveedor 0379 S.A.S.,Colombia,4,1.12,True
380,Proveedor 0380 S.A.S.,México,25,2.27,True
381,Proveedor 0381 S.A.S.,México,30,2.86,True
382,Proveedor 0382 S.A.S.,Perú,12,3.3,True
383,Proveedor 0383 S.A.S.,Colombia,24,4.27,True
384,Proveedor 0384 S.A.S.,Perú,15,4.59,True
385,Proveedor 0385 S.A.S.,México,4,4.16,True
386,Proveedor 0386 S.A.S.,Perú,16,3.74,True
387,Proveedor 0387 S.A.S.,Perú,5,2.42,True
388,Proveedor 0388 S.A.S.,Chile,27,1.59,True
389,Proveedor 0389 S.A.S.,Perú,26,3.86,True
390,Proveedor 0390 S.A.S.,México,10,1.24,True
391,Proveedor 0391 S.A.S.,Ecuador,16,4.51,True
392,Proveedor 0392 S.A.S.,Colombia,5,1.1,True
393,Proveedor 0393 S.A.S.,Chile,21,,True
394,Proveedor 0394 S.A.S.,Colombia,17,1.11,True
395,Proveedor 0395 S.A.S.,Colombia,3,1.28,True
396,Proveedor 0396 S.A.S.,Ecuador,2,4.92,True
397,Proveedor 0397 S.A.S.,Chile,22,4.76,True
398,Proveedor 0398 S.A.S.,México,19,3.11,True
399,Proveedor 0399 S.A.S.,Colombia,2,3.62,True
400,Proveedor 0400 S.A.S.,México,5,4.85,True
401,Proveedor 0401 S.A.S.,Perú,2,4.1,True
402,Proveedor 0402 S.A.S.,Colombia,4,4.48,True
403,Proveedor 0403 S.A.S.,Perú,30,2.18,False
404,Proveedor 0404 S.A.S.,Ecuador,20,3.12,True
405,Proveedor 0405 S.A.S.,Colombia,4,2.52,True
406,Proveedor 0406 S.A.S.,Colombia,13,2.62,True
407,Proveedor 0407 S.A.S.,Ecuador,10,1.07,True
408,Proveedor 0408 S.A.S.,Chile,29,1.61,True
409,Proveedor 0409 S.A.S.,Perú,6,2.69,True
410,Proveedor 0410 S.A.S.,Ecuador,2,2.71,True
411,Proveedor 0411 S.A.S.,Colombia,16,1.65,True
412,Proveedor 0412 S.A.S.,México,11,2.69,True
413,Proveedor 0413 S.A.S.,Chile,21,4.21,True
414,Proveedor 0414 S.A.S.,Perú,28,3.0,True
415,Proveedor 0415 S.A.S.,México,9,4.61,True
416,Proveedor 0416 S.A.S.,Ecuador,29,2.55,True
417,Proveedor 0417 S.A.S.,México,27,1.26,True
418,Proveedor 0418 S.A.S.,México,26,4.23,True
419,Proveedor 0419 S.A.S.,Chile,4,2.72,True
420,Proveedor 0420 S.A.S.,Colombia,8,1.88,True
421,Proveedor 0421 S.A.S.,Colombia,24,4.24,True
422,Proveedor 0422 S.A.S.,México,1,3.2,True
423,Proveedor 0423 S.A.S.,Perú,1,2.26,True
424,Proveedor 0424 S.A.S.,Chile,3,2.6,True
425,Proveedor 0425 S.A.S.,Colombia,14,3.43,False
426,Proveedor 0426 S.A.S.,Chile,1,2.98,True
427,Proveedor 0427 S.A.S.,Chile,9,4.1,True
428,Proveedor 0428 S.A.S.,Ecuador,24,1.34,True
429,Proveedor 0429 S.A.S.,Chile,7,3.07,True
430,Proveedor 0430 S.A.S.,México,24,3.98,True
431,Proveedor 0431 S.A.S.,México,28,1.81,True
432,Proveedor 0432 S.A.S.,Chile,9,1.72,True
433,Proveedor 0433 S.A.S.,Colombia,25,,True
434,Proveedor 0434 S.A.S.,México,20,3.14,True
435,Proveedor 0435 S.A.S.,Perú,6,4.61,True
436,Proveedor 0436 S.A.S.,México,19,2.63,True
437,Proveedor 0437 S.A.S.,México,1,1.51,True
438,Proveedor 0438 S.A.S.,Perú,5,2.89,True
439,Proveedor 0439 S.A.S.,Chile,22,4.45,False
440,Proveedor 0440 S.A.S.,México,12,3.78,True
441,Proveedor 0441 S.A.S.,Colombia,2,1.12,True
442,Proveedor 0442 S.A.S.,Chile,5,1.47,True
443,Proveedor 0443 S.A.S.,Colombia,10,4.28,True
444,Proveedor 0444 S.A.S.,Chile,3,2.36,True
445,Proveedor 0445 S.A.S.,Perú,22,4.23,True
446,Proveedor 0446 S.A.S.,Perú,27,3.61,False
447,Proveedor 0447 S.A.S.,Colombia,17,2.08,True
448,Proveedor 0448 S.A.S.,Perú,1,1.61,True
449,Proveedor 0449 S.A.S.,Perú,12,1.17,True
450,Proveedor 0450 S.A.S.,Chile,6,3.35,True
451,Proveedor 0451 S.A.S.,Perú,21,1.41,True
452,Proveedor 0452 S.A.S.,México,6,2.29,True
453,Proveedor 0453 S.A.S.,Ecuador,26,4.19,True
454,Proveedor 0454 S.A.S.,Chile,24,3.52,False
455,Proveedor 0455 S.A.S.,Chile,5,4.11,True
456,Proveedor 0456 S.A.S.,Chile,6,1.75,True
457,Proveedor 0457 S.A.S.,Perú,1,1.54,True
458,Proveedor 0458 S.A.S.,Ecuador,5,3.03,True
459,Proveedor 0459 S.A.S.,Ecuador,11,4.32,True
460,Proveedor 0460 S.A.S.,Chile,8,3.33,True
461,Proveedor 0461 S.A.S.,Perú,22,,True
462,Proveedor 0462 S.A.S.,México,18,1.34,True
463,Proveedor 0463 S.A.S.,Ecuador,18,4.79,True
464,Proveedor 0464 S.A.S.,Chile,16,4.57,True
465,Proveedor 0465 S.A.S.,Colombia,2,1.82,False
466,Proveedor 0466 S.A.S.,Colombia,11,3.66,True
467,Proveedor 0467 S.A.S.,México,12,4.26,True
468,Proveedor 0468 S.A.S.,México,17,2.95,True
469,Proveedor 0469 S.A.S.,Colombia,28,2.72,True
470,Proveedor 0470 S.A.S.,Ecuador,20,2.5,True
471,Proveedor 0471 S.A.S.,Colombia,12,2.2,True
472,Proveedor 0472 S.A.S.,Colombia,30,2.8,False
473,Proveedor 0473 S.A.S.,Perú,7,3.96,True
474,Proveedor 0474 S.A.S.,Ecuador,27,1.9,True
475,Proveedor 0475 S.A.S.,México,13,4.28,True
476,Proveedor 0476 S.A.S.,México,9,3.33,True
477,Proveedor 0477 S.A.S.,Perú,30,2.6,True
478,Proveedor 0478 S.A.S.,Ecuador,5,4.93,True
479,Proveedor 0479 S.A.S.,Ecuador,30,4.66,True
480,Proveedor 0480 S.A.S.,Chile,15,3.34,True
481,Proveedor 0481 S.A.S.,Colombia,9,2.86,True
482,Proveedor 0482 S.A.S.,Ecuador,15,1.03,True
483,Proveedor 0483 S.A.S.,Perú,1,1.23,True
484,Proveedor 0484 S.A.S.,Perú,15,3.92,True
485,Proveedor 0485 S.A.S.,Chile,19,4.32,True
486,Proveedor 0486 S.A.S.,Ecuador,23,2.26,False
487,Proveedor 0487 S.A.S.,Colombia,29,1.02,True
488,Proveedor 0488 S.A.S.,Ecuador,27,,True
489,Proveedor 0489 S.A.S.,México,25,4.64,True
490,Proveedor 0490 S.A.S.,Chile,24,2.47,True
491,Proveedor 0491 S.A.S.,México,13,4.92,True
492,Proveedor 0492 S.A.S.,Ecuador,5,2.9,True
493,Proveedor 0493 S.A.S.,Ecuador,4,1.97,True
494,Proveedor 0494 S.A.S.,Perú,1,1.91,True
495,Proveedor 0495 S.A.S.,Chile,16,4.82,True
496,Proveedor 0496 S.A.S.,México,22,4.64,True
497,Proveedor 0497 S.A.S.,Chile,2,1.24,True
498,Proveedor 0498 S.A.S.,Colombia,21,3.89,True
499,Proveedor 0499 S.A.S.,México,28,1.95,True
500,Proveedor 0500 S.A.S.,Chile,8,4.28,True
501,Proveedor 0501 S.A.S.,Chile,25,1.56,True
502,Proveedor 0502 S.A.S.,Colombia,18,1.24,True
503,Proveedor 0503 S.A.S.,México,1,2.06,True
504,Proveedor 0504 S.A.S.,México,9,1.88,True
505,Proveedor 0505 S.A.S.,Perú,4,2.77,True
506,Proveedor 0506 S.A.S.,Colombia,1,,True
507,Proveedor 0507 S.A.S.,Ecuador,9,2.53,True
508,Proveedor 0508 S.A.S.,Perú,10,2.98,True
509,Proveedor 0509 S.A.S.,Chile,17,1.25,True
510,Proveedor 0510 S.A.S.,Colombia,4,3.5,True
511,Proveedor 0511 S.A.S.,Ecuador,15,1.06,False
512,Proveedor 0512 S.A.S.,México,26,4.25,True
513,Proveedor 0513 S.A.S.,México,5,2.75,True
514,Proveedor 0514 S.A.S.,Ecuador,30,1.13,True
515,Proveedor 0515 S.A.S.,México,15,3.47,True
516,Proveedor 0516 S.A.S.,México,13,3.09,True
517,Proveedor 0517 S.A.S.,México,24,3.78,True
518,Proveedor 0518 S.A.S.,Ecuador,10,2.12,True
519,Proveedor 0519 S.A.S.,Colombia,17,2.0,True
520,Proveedor 0520 S.A.S.,Ecuador,1,4.6,True
521,Proveedor 0521 S.A.S.,Colombia,6,3.7,True
522,Proveedor 0522 S.A.S.,Colombia,24,3.19,True
523,Proveedor 0523 S.A.S.,México,22,3.8,True
524,Proveedor 0524 S.A.S.,Perú,21,3.72,True
525,Proveedor 0525 S.A.S.,Colombia,5,1.28,True
526,Proveedor 0526 S.A.S.,Colombia,14,2.77,True
527,Proveedor 0527 S.A.S.,México,15,1.7,True
528,Proveedor 0528 S.A.S.,Ecuador,9,4.15,True
529,Proveedor 0529 S.A.S.,Chile,1,4.24,True
530,Proveedor 0530 S.A.S.,Colombia,6,4.46,True
531,Proveedor 0531 S.A.S.,Chile,1,4.7,True
532,Proveedor 0532 S.A.S.,Chile,6,2.15,True
533,Proveedor 0533 S.A.S.,Perú,16,1.42,True
534,Proveedor 0534 S.A.S.,Chile,25,4.43,True
535,Proveedor 0535 S.A.S.,Colombia,20,1.44,True
536,Proveedor 0536 S.A.S.,Perú,1,,True
537,Proveedor 0537 S.A.S.,Chile,20,4.51,True
538,Proveedor 0538 S.A.S.,Colombia,6,3.88,True
539,Proveedor 0539 S.A.S.,Chile,17,2.69,True
540,Proveedor 0540 S.A.S.,Ecuador,5,3.59,True
541,Proveedor 0541 S.A.S.,México,10,4.43,True
542,Proveedor 0542 S.A.S.,Ecuador,23,1.53,True
543,Proveedor 0543 S.A.S.,Chile,22,2.65,True
544,Proveedor 0544 S.A.S.,Perú,15,4.29,True
545,Proveedor 0545 S.A.S.,Chile,30,3.76,False
546,Proveedor 0546 S.A.S.,Ecuador,10,4.8,True
547,Proveedor 0547 S.A.S.,Colombia,17,1.78,True
548,Proveedor 0548 S.A.S.,Colombia,7,2.26,True
549,Proveedor 0549 S.A.S.,Perú,12,4.98,True
550,Proveedor 0550 S.A.S.,Ecuador,11,3.23,True
551,Proveedor 0551 S.A.S.,Chile,18,1.97,True
552,Proveedor 0552 S.A.S.,Ecuador,29,2.95,True
553,Proveedor 0553 S.A.S.,Chile,22,4.0,True
554,Proveedor 0554 S.A.S.,Chile,12,3.25,True
555,Proveedor 0555 S.A.S.,Colombia,6,1.09,True
556,Proveedor 0556 S.A.S.,Ecuador,22,2.64,True
557,Proveedor 0557 S.A.S.,Perú,27,1.13,True
558,Proveedor 0558 S.A.S.,Chile,3,1.47,True
559,Proveedor 0559 S.A.S.,México,17,3.74,True
560,Proveedor 0560 S.A.S.,México,3,2.54,True
561,Proveedor 0561 S.A.S.,Ecuador,21,,True
562,Proveedor 0562 S.A.S.,Colombia,3,1.29,False
563,Proveedor 0563 S.A.S.,Colombia,3,2.2,True
564,Proveedor 0564 S.A.S.,Colombia,20,4.78,True
565,Proveedor 0565 S.A.S.,Colombia,26,4.88,True
566,Proveedor 0566 S.A.S.,Ecuador,11,3.52,True
567,Proveedor 0567 S.A.S.,Colombia,28,1.47,True
568,Proveedor 0568 S.A.S.,México,16,4.9,True
569,Proveedor 0569 S.A.S.,Colombia,30,2.24,True
570,Proveedor 0570 S.A.S.,Colombia,8,2.44,True
571,Proveedor 0571 S.A.S.,Chile,24,4.23,False
572,Proveedor 0572 S.A.S.,Colombia,24,1.38,True
573,Proveedor 0573 S.A.S.,México,9,1.93,False
574,Proveedor 0574 S.A.S.,Chile,24,,True
575,Proveedor 0575 S.A.S.,Perú,17,,True
576,Proveedor 0576 S.A.S.,Colombia,19,4.52,True
577,Proveedor 0577 S.A.S.,Perú,1,3.45,True
578,Proveedor 0578 S.A.S.,Ecuador,27,4.11,True
579,Proveedor 0579 S.A.S.,Ecuador,22,2.34,True
580,Proveedor 0580 S.A.S.,Chile,8,,True
581,Proveedor 0581 S.A.S.,Colombia,7,4.06,True
582,Proveedor 0582 S.A.S.,Ecuador,7,2.2,True
583,Proveedor 0583 S.A.S.,Chile,6,2.69,True
584,Proveedor 0584 S.A.S.,México,15,2.53,True
585,Proveedor 0585 S.A.S.,México,21,4.75,True
586,Proveedor 0586 S.A.S.,Chile,12,3.28,True
587,Proveedor 0587 S.A.S.,Perú,20,3.79,True
588,Proveedor 0588 S.A.S.,México,20,4.64,True
589,Proveedor 0589 S.A.S.,Chile,7,2.84,True
590,Proveedor 0590 S.A.S.,México,5,4.97,True
591,Proveedor 0591 S.A.S.,México,25,4.76,True
592,Proveedor 0592 S.A.S.,Perú,18,3.73,True
593,Proveedor 0593 S.A.S.,Colombia,17,1.43,True
594,Proveedor 0594 S.A.S.,Ecuador,4,1.87,True
595,Proveedor 0595 S.A.S.,Perú,29,4.29,True
596,Proveedor 0596 S.A.S.,Chile,26,2.72,True
597,Proveedor 0597 S.A.S.,Perú,13,1.08,True
598,Proveedor 0598 S.A.S.,Perú,15,3.8,True
599,Proveedor 0599 S.A.S.,Ecuador,6,3.18,True
600,Proveedor 0600 S.A.S.,Ecuador,4,1.61,True
601,Proveedor 0601 S.A.S.,México,22,1.39,True
602,Proveedor 0602 S.A.S.,Ecuador,2,2.16,True
603,Proveedor 0603 S.A.S.,Chile,21,1.59,True
604,Proveedor 0604 S.A.S.,Perú,22,2.78,True
605,Proveedor 0605 S.A.S.,Ecuador,1,3.48,True
606,Proveedor 0606 S.A.S.,Colombia,6,3.4,True
607,Proveedor 0607 S.A.S.,Chile,26,2.94,True
608,Proveedor 0608 S.A.S.,Perú,1,2.69,False
609,Proveedor 0609 S.A.S.,Perú,7,2.54,True
610,Proveedor 0610 S.A.S.,Colombia,27,4.77,True
611,Proveedor 0611 S.A.S.,Chile,2,3.29,True
612,Proveedor 0612 S.A.S.,Colombia,27,,True
613,Proveedor 0613 S.A.S.,Perú,1,2.6,True
614,Proveedor 0614 S.A.S.,Chile,16,3.86,True
615,Proveedor 0615 S.A.S.,Ecuador,21,,True
616,Proveedor 0616 S.A.S.,Colombia,10,4.49,True
617,Proveedor 0617 S.A.S.,Colombia,3,1.06,True
618,Proveedor 0618 S.A.S.,México,21,4.3,True
619,Proveedor 0619 S.A.S.,Chile,15,,True
620,Proveedor 0620 S.A.S.,Ecuador,20,1.78,True
621,Proveedor 0621 S.A.S.,Chile,24,4.66,True
622,Proveedor 0622 S.A.S.,Ecuador,11,4.02,True
623,Proveedor 0623 S.A.S.,Perú,30,4.3,True
624,Proveedor 0624 S.A.S.,Colombia,30,,True
625,Proveedor 0625 S.A.S.,Chile,22,2.19,True
626,Proveedor 0626 S.A.S.,Perú,29,2.8,True
627,Proveedor 0627 S.A.S.,Colombia,11,1.57,True
628,Proveedor 0628 S.A.S.,México,2,2.25,True
629,Proveedor 0629 S.A.S.,México,2,3.97,True
630,Proveedor 0630 S.A.S.,México,27,1.17,True
631,Proveedor 0631 S.A.S.,Perú,7,4.67,True
632,Proveedor 0632 S.A.S.,Perú,10,3.66,True
633,Proveedor 0633 S.A.S.,Chile,13,3.56,True
634,Proveedor 0634 S.A.S.,Ecuador,7,4.2,True
635,Proveedor 0635 S.A.S.,Chile,10,2.3,True
636,Proveedor 0636 S.A.S.,Perú,22,2.86,True
637,Proveedor 0637 S.A.S.,Ecuador,11,2.68,True
638,Proveedor 0638 S.A.S.,Ecuador,11,4.22,True
639,Proveedor 0639 S.A.S.,Perú,27,3.81,True
640,Proveedor 0640 S.A.S.,Perú,7,3.28,True
641,Proveedor 0641 S.A.S.,Ecuador,11,3.02,True
642,Proveedor 0642 S.A.S.,Chile,24,2.41,True
643,Proveedor 0643 S.A.S.,Colombia,2,2.8,True
644,Proveedor 0644 S.A.S.,Chile,11,3.9,True
645,Proveedor 0645 S.A.S.,México,5,4.01,True
646,Proveedor 0646 S.A.S.,Ecuador,7,2.74,True
647,Proveedor 0647 S.A.S.,Colombia,4,2.61,True
648,Proveedor 0648 S.A.S.,Chile,28,,True
649,Proveedor 0649 S.A.S.,Colombia,22,1.02,True
650,Proveedor 0650 S.A.S.,Chile,5,2.21,True
651,Proveedor 0651 S.A.S.,Perú,6,4.07,True
652,Proveedor 0652 S.A.S.,Perú,14,4.95,True
653,Proveedor 0653 S.A.S.,Ecuador,12,3.79,True
654,Proveedor 0654 S.A.S.,México,13,3.51,True
655,Proveedor 0655 S.A.S.,Perú,19,1.48,True
656,Proveedor 0656 S.A.S.,México,27,2.14,True
657,Proveedor 0657 S.A.S.,Chile,2,1.29,True
658,Proveedor 0658 S.A.S.,Colombia,7,3.29,True
659,Proveedor 0659 S.A.S.,Perú,22,3.25,True
660,Proveedor 0660 S.A.S.,Chile,21,1.95,True
661,Proveedor 0661 S.A.S.,Ecuador,19,2.86,True
662,Proveedor 0662 S.A.S.,Ecuador,18,1.15,True
663,Proveedor 0663 S.A.S.,Colombia,20,4.16,True
664,Proveedor 0664 S.A.S.,Chile,15,1.89,True
665,Proveedor 0665 S.A.S.,Colombia,1,3.78,True
666,Proveedor 0666 S.A.S.,México,2,1.7,True
667,Proveedor 0667 S.A.S.,Chile,4,3.7,True
668,Proveedor 0668 S.A.S.,Chile,21,3.45,True
669,Proveedor 0669 S.A.S.,México,29,1.68,True
670,Proveedor 0670 S.A.S.,Chile,14,1.45,True
671,Proveedor 0671 S.A.S.,Colombia,5,1.17,True
672,Proveedor 0672 S.A.S.,Chile,10,1.0,True
673,Proveedor 0673 S.A.S.,Colombia,2,5.0,True
674,Proveedor 0674 S.A.S.,Perú,26,3.57,True
675,Proveedor 0675 S.A.S.,Perú,26,2.8,True
676,Proveedor 0676 S.A.S.,Perú,1,2.08,True
677,Proveedor 0677 S.A.S.,Ecuador,20,3.25,True
678,Proveedor 0678 S.A.S.,México,29,2.62,True
679,Proveedor 0679 S.A.S.,México,20,2.43,False
680,Proveedor 0680 S.A.S.,México,25,,True
681,Proveedor 0681 S.A.S.,Perú,24,4.53,True
682,Proveedor 0682 S.A.S.,Ecuador,22,3.9,True
683,Proveedor 0683 S.A.S.,Chile,28,3.1,True
684,Proveedor 0684 S.A.S.,Chile,28,4.0,True
685,Proveedor 0685 S.A.S.,Perú,15,1.31,True
686,Proveedor 0686 S.A.S.,Colombia,13,2.86,False
687,Proveedor 0687 S.A.S.,Ecuador,22,1.06,True
688,Proveedor 0688 S.A.S.,Ecuador,10,1.09,False
689,Proveedor 0689 S.A.S.,Ecuador,22,4.13,True
690,Proveedor 0690 S.A.S.,Ecuador,11,4.58,True
691,Proveedor 0691 S.A.S.,Colombia,7,3.04,True
692,Proveedor 0692 S.A.S.,Colombia,20,1.38,True
693,Proveedor 0693 S.A.S.,Chile,4,4.83,True
694,Proveedor 0694 S.A.S.,México,15,1.33,True
695,Proveedor 0695 S.A.S.,México,18,4.82,True
696,Proveedor 0696 S.A.S.,Perú,22,4.95,True
697,Proveedor 0697 S.A.S.,Chile,25,1.5,True
698,Proveedor 0698 S.A.S.,Ecuador,6,3.56,True
699,Proveedor 0699 S.A.S.,México,24,3.2,True
700,Proveedor 0700 S.A.S.,Perú,8,3.52,False
701,Proveedor 0701 S.A.S.,México,28,3.42,True
702,Proveedor 0702 S.A.S.,Chile,2,4.77,False
703,Proveedor 0703 S.A.S.,Ecuador,20,3.84,True
704,Proveedor 0704 S.A.S.,México,22,3.75,True
705,Proveedor 0705 S.A.S.,Perú,1,3.61,False
706,Proveedor 0706 S.A.S.,Perú,26,2.49,True
707,Proveedor 0707 S.A.S.,Perú,9,1.14,True
708,Proveedor 0708 S.A.S.,México,20,1.8,True
709,Proveedor 0709 S.A.S.,Perú,29,4.28,True
710,Proveedor 0710 S.A.S.,Perú,7,2.72,True
711,Proveedor 0711 S.A.S.,Colombia,6,4.81,True
712,Proveedor 0712 S.A.S.,Ecuador,30,1.13,True
713,Proveedor 0713 S.A.S.,México,30,4.55,True
714,Proveedor 0714 S.A.S.,México,12,1.49,True
715,Proveedor 0715 S.A.S.,Colombia,12,4.75,True
716,Proveedor 0716 S.A.S.,Ecuador,2,1.41,True
717,Proveedor 0717 S.A.S.,Ecuador,23,2.28,True
718,Proveedor 0718 S.A.S.,Chile,30,3.36,True
719,Proveedor 0719 S.A.S.,Colombia,24,4.6,True
720,Proveedor 0720 S.A.S.,Chile,8,1.34,True
721,Proveedor 0721 S.A.S.,Chile,8,1.91,True
722,Proveedor 0722 S.A.S.,Chile,29,4.88,True
723,Proveedor 0723 S.A.S.,Ecuador,22,3.81,True
724,Proveedor 0724 S.A.S.,Ecuador,26,2.22,True
725,Proveedor 0725 S.A.S.,Perú,3,3.38,True
726,Proveedor 0726 S.A.S.,Ecuador,25,4.35,True
727,Proveedor 0727 S.A.S.,Perú,19,4.59,True
728,Proveedor 0728 S.A.S.,Colombia,28,3.78,True
729,Proveedor 0729 S.A.S.,Colombia,23,3.9,True
730,Proveedor 0730 S.A.S.,México,15,1.44,True
731,Proveedor 0731 S.A.S.,México,17,4.43,True
732,Proveedor 0732 S.A.S.,México,8,2.88,True
733,Proveedor 0733 S.A.S.,Perú,20,2.73,True
734,Proveedor 0734 S.A.S.,Perú,21,3.67,True
735,Proveedor 0735 S.A.S.,Chile,13,4.69,True
736,Proveedor 0736 S.A.S.,Perú,8,1.7,True
737,Proveedor 0737 S.A.S.,Chile,14,4.39,True
738,Proveedor 0738 S.A.S.,México,5,4.59,True
739,Proveedor 0739 S.A.S.,Colombia,28,1.61,True
740,Proveedor 0740 S.A.S.,Ecuador,23,2.89,True
741,Proveedor 0741 S.A.S.,Colombia,30,2.03,True
742,Proveedor 0742 S.A.S.,Chile,21,4.6,True
743,Proveedor 0743 S.A.S.,Ecuador,19,3.1,True
744,Proveedor 0744 S.A.S.,Chile,15,3.75,True
745,Proveedor 0745 S.A.S.,Colombia,25,1.62,True
746,Proveedor 0746 S.A.S.,Ecuador,28,3.9,True
747,Proveedor 0747 S.A.S.,México,21,4.5,True
748,Proveedor 0748 S.A.S.,México,10,2.96,True
749,Proveedor 0749 S.A.S.,Colombia,4,3.76,True
750,Proveedor 0750 S.A.S.,Chile,14,3.72,True
751,Proveedor 0751 S.A.S.,Ecuador,30,4.97,True
752,Proveedor 0752 S.A.S.,Perú,18,3.01,True
753,Proveedor 0753 S.A.S.,Chile,7,4.62,True
754,Proveedor 0754 S.A.S.,Chile,23,1.73,True
755,Proveedor 0755 S.A.S.,Ecuador,22,,True
756,Proveedor 0756 S.A.S.,Ecuador,24,2.78,True
757,Proveedor 0757 S.A.S.,Chile,24,2.96,True
758,Proveedor 0758 S.A.S.,Chile,10,2.93,True
759,Proveedor 0759 S.A.S.,Colombia,11,2.62,True
760,Proveedor 0760 S.A.S.,Perú,10,1.75,True
761,Proveedor 0761 S.A.S.,Perú,12,2.87,True
762,Proveedor 0762 S.A.S.,Colombia,16,4.94,True
763,Proveedor 0763 S.A.S.,Chile,24,2.84,True
764,Proveedor 0764 S.A.S.,Ecuador,5,4.82,True
765,Proveedor 0765 S.A.S.,Perú,30,2.93,True
766,Proveedor 0766 S.A.S.,Perú,24,4.33,True
767,Proveedor 0767 S.A.S.,México,14,3.12,True
768,Proveedor 0768 S.A.S.,Chile,27,3.67,True
769,Proveedor 0769 S.A.S.,México,11,4.49,True
770,Proveedor 0770 S.A.S.,Ecuador,20,2.91,True
771,Proveedor 0771 S.A.S.,México,18,1.21,True
772,Proveedor 0772 S.A.S.,Perú,7,4.8,True
773,Proveedor 0773 S.A.S.,Chile,26,4.95,True
774,Proveedor 0774 S.A.S.,Ecuador,12,3.98,True
775,Proveedor 0775 S.A.S.,Ecuador,19,4.64,True
776,Proveedor 0776 S.A.S.,Chile,15,4.56,True
777,Proveedor 0777 S.A.S.,Ecuador,15,,True
778,Proveedor 0778 S.A.S.,Perú,15,2.19,True
779,Proveedor 0779 S.A.S.,Chile,25,3.78,False
780,Proveedor 0780 S.A.S.,Colombia,11,,True
781,Proveedor 0781 S.A.S.,Colombia,5,4.45,True
782,Proveedor 0782 S.A.S.,Colombia,7,3.03,True
783,Proveedor 0783 S.A.S.,México,5,2.5,True
784,Proveedor 0784 S.A.S.,México,20,3.35,True
785,Proveedor 0785 S.A.S.,Ecuador,25,1.55,True
786,Proveedor 0786 S.A.S.,Perú,12,3.49,True
787,Proveedor 0787 S.A.S.,Perú,17,4.32,True
788,Proveedor 0788 S.A.S.,Colombia,28,2.55,True
789,Proveedor 0789 S.A.S.,Colombia,24,3.09,True
790,Proveedor 0790 S.A.S.,Chile,11,2.65,True
791,Proveedor 0791 S.A.S.,Perú,28,4.77,True
792,Proveedor 0792 S.A.S.,México,11,4.75,True
793,Proveedor 0793 S.A.S.,Colombia,16,2.32,False
794,Proveedor 0794 S.A.S.,Colombia,1,5.0,True
795,Proveedor 0795 S.A.S.,Chile,16,3.51,True
796,Proveedor 0796 S.A.S.,México,5,2.32,True
797,Proveedor 0797 S.A.S.,México,7,2.99,True
798,Proveedor 0798 S.A.S.,Colombia,8,1.12,True
799,Proveedor 0799 S.A.S.,Colombia,25,1.42,True
800,Proveedor 0800 S.A.S.,Perú,25,,True
